Apple 아이폰 13 256GB [자급제],"1,149,950원",https://cr.shopping.naver.com/adcr.nhn?x=gyYirNCdJcWbYGylnwGgEf%2F%2F%2Fw%3D%3DswlVs2R0IyhBAHjwlbdCdHbpQ1Q4D7%2BVlwz0a5mnNpLxhJz9H0Ub4KLvuVTVtNMxMksCt8h9%2FAWdn5Y8pWPagEc2YJUiR2hpCfKzH%2B3bscZGWVI8eMVtfjCATDTx93MqnsPT4pXZQSz4fmK4SDJwaeci30QtKP1mA7BYZPpxeJLexWvZfe2todmJfmpbNrXnqXKJBKazWTMr3TF%2BX7oeAGbix7jXt7MNVc9AIu4EfDZlNEwRr%2B3STfYHGn%2FB5b3e4bj7%2F%2FfKyFF3WR1QhmLffX58zNcXBkiG4xmGrrmBHunrL%2Fowdnq7%2Fmfq67OVRzok0S5SJNLgIdS1XFCtZ5GETGHmDfqcOuzixyu%2FgG1yK72nz%2BW1R6bbqRnUCfQXLuR7JG1fUqIZ7CTqeNBeEUiuIjWm5dJXt8gUq76%2FCZLOKtmculMSXmodDptJZCDmbU%2FWS8S21Oey7jc5pxS8BquOSqAZJF45uZ9FXDr149XnEtBLPU6pntGCurhu%2FV8uonTYh5X6MB3JdbnBohOi8QY2mspC23Z5uXYbEvFVVE68DuWEOjcHk36MX6oL3hTO4sEkm2AKC7xMfogRMj0hH4kgpdy63LMod%2FaLK9VfLVXbrvaaPovIzEQ5w0AqiLXlGiGwkQdAiJdwXirBRdnaxfvrBbw%3D%3D&nvMid=29029192591&catId=50001519
Apple 아이폰 13 미니 128GB [자급제],"870,000원",https://cr.shopping.naver.com/adcr.nhn?x=wQnQJBGq4g6Ca6xA2dOHCv%2F%2F%2Fw%3D%3DszF%2BqMk1XRVVooq5HNB6AW1qhwcrvXz5d1bW2%2F5f%2BegJWQE1WikGGRjsm7ORTamZ7%2BmLOPiNaKhIF%2BhakuqQM8TSx4ffcd46I%2FrnLDI1JydgvSrFv7htgRKF7RyqjvttIeV2b9%2FKtydjF7Jw7cYFk80Pg%2F6PYJW9LpCSumzPJoiiI9aZyW4hhCgmcrsQhWGWGoDvSF0ti4vm%2FgippbT9zgPKAXVfyDB1yTbVYYpYzcFnUHxlEatbmVq7jmztE%2FywsR0o95nIPzdxjOapWr2c7TLsxo5hZ8Bu6kC6Wj0ORb6hVXemfpmeX70wC2wQT5nyi5pxiwDZPU40LYzhHX%2FcRv72QzFxrLdvusL1Wm%2BUD2GCzaLo3YojXuQJMvdaZ%2BI%2Fy%2F0X8gFBBhr6rnnTk5Nq2rCmT%2F8qts%2FDucK1%2FRh%2BGGGWxyTNOpvF5JKAAUscSxRXpjrModG8ApvyDh2g%2Bv61QB9f04SLzEOLuWyApwkiBtsEN%2FOXq06xFLlMCwNDQObjPLcqEhOiscytOptfh0D9%2BArlrx59R3Nvvt16TdbHapMSBiRzVjqw7wvVxJ7%2B1U9BWj%2FaM5nVf1rOXk0fVU4woW7ldbpNv7PV9yKmgaXDOr%2FIDfkLIyuldBS3f8m8e6nLmzUhNzs2VE%2B%2Bisqs3JAEppg%3D%3D&nvMid=29030650586&catId=50001519
Apple 아이폰 13 프로 256GB [자급제],"1,384,970원",https://cr.shopping.naver.com/adcr.nhn?x=U%2FMsG%2FWXfLGaO7M%2Br0b1FP%2F%2F%2Fw%3D%3DsYk%2BCHLJ6z12OZ2kKtlXkFjm1RE9z2b4yORVj9izZoH5hJz9H0Ub4KLvuVTVtNMxMELt5LumXUNYtcMdFxTK8Gc2YJUiR2hpCfKzH%2B3bscZGWVI8eMVtfjCATDTx93MqnsPT4pXZQSz4fmK4SDJwaeci30QtKP1mA7BYZPpxeJLexWvZfe2todmJfmpbNrXnq6b4twwZe%2FXnN8SL9cd67Sbix7jXt7MNVc9AIu4EfDZlNEwRr%2B3STfYHGn%2FB5b3e4bj7%2F%2FfKyFF3WR1QhmLffX58zNcXBkiG4xmGrrmBHunrL%2Fowdnq7%2Fmfq67OVRzok0S5SJNLgIdS1XFCtZ5GETGCDUI41kVKfPjLg2ddeg%2F7MncNvTLYFqI8oCr%2FwqYPU9G1fUqIZ7CTqeNBeEUiuIjZhwLgdT%2F8hY%2BuUd6vK6tXgulMSXmodDptJZCDmbU%2FWS8S21Oey7jc5pxS8BquOSqE%2FTBHXcHAY4bdlnuCLZd9N6jvySWdAuqdDBn5xzOS4Io64ifB9DVeZ8ffla9GlFds9xDnKdwQAtRVLIK7Ilcz1TlGsORlShQOjeATbuLp2xEs8cFUTVf2EXpmSuc9bAhKXlCmGS9JwUwQgihKh2e3CXPfLkMxHc5Th%2BcFMW%2FMiAQdAiJdwXirBRdnaxfvrBbw%3D%3D&nvMid=29030492586&catId=50001519
Apple 아이폰 13 프로 128GB [자급제],"1,255,000원",https://cr.shopping.naver.com/adcr.nhn?x=7oozSFsmo9di7RVSxXDIov%2F%2F%2Fw%3D%3Dser6%2BOMuTpQn1OBqDvn8swHnWpOJyVLr7IPu%2FMHQ%2FUyRhJz9H0Ub4KLvuVTVtNMxM%2FQ0Hlv%2FJ1KSo3GV0RI8lp82YJUiR2hpCfKzH%2B3bscZGWVI8eMVtfjCATDTx93MqnsPT4pXZQSz4fmK4SDJwaeci30QtKP1mA7BYZPpxeJLexWvZfe2todmJfmpbNrXnquNUGE%2F8E2Wl6h%2B8WEwxe9bix7jXt7MNVc9AIu4EfDZlNEwRr%2B3STfYHGn%2FB5b3e4bj7%2F%2FfKyFF3WR1QhmLffX58zNcXBkiG4xmGrrmBHunrL%2Fowdnq7%2Fmfq67OVRzok0S5SJNLgIdS1XFCtZ5GETGN%2BAHyURxAIL3rMZTeVRjyiQlKoTW7oBR5S4e5%2FFeRPiG1fUqIZ7CTqeNBeEUiuIjQupWn%2BoS37JHmoJaqivtbsulMSXmodDptJZCDmbU%2FWS8S21Oey7jc5pxS8BquOSqL7TYp%2Fq8N0dYeLWf3iUY%2FG9lbCAHUgYx7U3V2HOvd43o64ifB9DVeZ8ffla9GlFdsF5Xga5saN0CviJ4QxW0B2Ubz2E6h4dNE8yAecRi1YtEs8cFUTVf2EXpmSuc9bAhFj3lJdsdYIPFVuulaYPuyyBAI%2F9sQRO2Am9a%2BRTB%2Fq9QdAiJdwXirBRdnaxfvrBbw%3D%3D&nvMid=29030420587&catId=50001519
Apple 아이폰 13 128GB [자급제],"1,009,450원",https://cr.shopping.naver.com/adcr.nhn?x=6%2FHy3tkDhw7z0cAkYsEKa%2F%2F%2F%2Fw%3D%3DsD0dWIdVJjqP52Y7QWq4ay5vLCZE3FkYburAoZafSjmtWQE1WikGGRjsm7ORTamZ7NaqR%2F1uUGr9QHIvIpxhM1DSx4ffcd46I%2FrnLDI1JydgvSrFv7htgRKF7RyqjvttIeV2b9%2FKtydjF7Jw7cYFk80Pg%2F6PYJW9LpCSumzPJoiiI9aZyW4hhCgmcrsQhWGWG7TgBVo8UmYdzXRq3xjDWuvKAXVfyDB1yTbVYYpYzcFnUHxlEatbmVq7jmztE%2FywsR0o95nIPzdxjOapWr2c7TLsxo5hZ8Bu6kC6Wj0ORb6hVXemfpmeX70wC2wQT5nyi5pxiwDZPU40LYzhHX%2FcRv5fY%2BwIr4HPwom%2BPEgPLH9azaLo3YojXuQJMvdaZ%2BI%2Fy%2F0X8gFBBhr6rnnTk5Nq2rMgcU01wvNxh7fRDqkbVT%2BixyTNOpvF5JKAAUscSxRXpjrModG8ApvyDh2g%2Bv61QByXOgYtW9uI4lT45GrDygl1D%2FkFMO4s7sTx4sbc7XXXQvaOjGxMtdSZf0nL3LrxHbOnSGj72HwEXe%2Fm4bEnRW8dPwCXFJiRdosf3os3K%2FWn1M00KKzWvaJF4obv2un1IbNIPY1U9Yrn3rRIMirnkS8toaKZHilHbuauHUigNM5KA&nvMid=29030374587&catId=50001519
Apple 아이폰 13 프로 맥스 256GB [자급제],"1,498,780원",https://cr.shopping.naver.com/adcr.nhn?x=SWLvx%2Fx1CtDnlIp5Q%2FIWb%2F%2F%2F%2Fw%3D%3DsDxdmpENWkJJyWJgFLtO1zr5zg1yAzfGY%2FOwCYMZNbu8bsBKbbjTB%2BBCjsLv6tz%2BjEaqUj0WhOgwaoeFltg%2Fq0%2FbqgPFUtIBLpcBSK4bwJzYtzjoIiX%2FlqLy27tf42drpTB%2F8ysG47u71XwxWicFn10gAn8lD2%2BxrgblrBqYwPdWug%2B9sjA7rHdeMLkY%2BwIMUBSRNe5ZyGuyhkwLhP0AEuzQZD6UDT51Dg8nNb9lI8fV%2BFLPJmN7kd5F0maTGsL0cI2yMpyMwWAWUy7guj5HsTkuXqjy6IxZGqO5S%2FOnjiuLffisv5tHfoGFh7RH%2BtSaOAFJNLWxG%2Fj2gEfGb7GroeKaxg5%2FVEZM4I3E9ENsR2p8i5%2B6sQIThqy%2BkIFv60mIX6nYt0P5vFdgOY0ddt5wMGW4osamkyi85iDpDHoVfQWTCHJicsJEeUMpeBKOSffdWQ5NpxzD%2BGh1Qsf3DjaBN7lca8pJnVAllZ%2FEl77tED7QDAvFUWcQ2OHIyCM%2Bq1sGI5RPNCjcG3zcXpELBiXo0ZLE14c3ipMp8JVeYhuNm1MPkT7s2GMaf7lDT3rmmp%2BSrN%2Fs3NBI9ihUgEukWvhab5%2B%2Bf1DxweGPpIz%2F98uGJCfcWDXx2eHYxjXdI%2BBB9EuFEV3OdHgSE8LoEjTx9zpNPbFaRsOtQUnaEEbxBoHxZXOc%3D&nvMid=29030294588&catId=50001519
Apple 아이폰 13 미니 256GB [자급제],"1,010,000원",https://cr.shopping.naver.com/adcr.nhn?x=5TUi7bmEGQ31QUITtvXvOP%2F%2F%2Fw%3D%3Dsc97yvF3u%2FaGvRLOD%2Br4bqslgtitpVlP0qKOeJIbo%2FFRWQE1WikGGRjsm7ORTamZ7d198v5fJ4OjpKAU6ZzFJMDSx4ffcd46I%2FrnLDI1JydgvSrFv7htgRKF7RyqjvttIeV2b9%2FKtydjF7Jw7cYFk80Pg%2F6PYJW9LpCSumzPJoiiI9aZyW4hhCgmcrsQhWGWGEhUbZ%2FNZ8avqUf6HuykXvPKAXVfyDB1yTbVYYpYzcFnUHxlEatbmVq7jmztE%2FywsR0o95nIPzdxjOapWr2c7TLsxo5hZ8Bu6kC6Wj0ORb6hVXemfpmeX70wC2wQT5nyi5pxiwDZPU40LYzhHX%2FcRv6%2BX5BWwAN4QyFSAdDhiCvuzaLo3YojXuQJMvdaZ%2BI%2Fy%2F0X8gFBBhr6rnnTk5Nq2rJIbznYzt7q361MzbMXAOJ6xyTNOpvF5JKAAUscSxRXpjrModG8ApvyDh2g%2Bv61QBy76f1u%2BWE%2Bs3CkM%2BRiNFL0N%2FOXq06xFLlMCwNDQObjPLcqEhOiscytOptfh0D9%2BAsyCuKPFO0fKK5q0GP0XvGM5GdtGqvadh5IXeXcnfY0Jv4YGjJCSIW1IvBxXT1wG93%2BNR2IHBgT0Z6027gsLsNRvU2Y6hEEwGxc1AZfON9sL4VRAH%2BsMDObarUodGweR8Q%3D%3D&nvMid=29030437590&catId=50001519
Apple 아이폰 13 프로 맥스 128GB [자급제],"1,389,850원",https://cr.shopping.naver.com/adcr.nhn?x=invnyiNc3O0aan8dY8B4YP%2F%2F%2Fw%3D%3DswG%2FVVeZVRCWTjMthIqOJwxYPqek0Ox79vKGSLeG%2BkdBhJz9H0Ub4KLvuVTVtNMxMwHRbROI%2BhOxhvkrK2x52JM2YJUiR2hpCfKzH%2B3bscZGWVI8eMVtfjCATDTx93MqnsPT4pXZQSz4fmK4SDJwaeci30QtKP1mA7BYZPpxeJLexWvZfe2todmJfmpbNrXnqnCfUWv5T09LdwRr0l79u4rix7jXt7MNVc9AIu4EfDZlNEwRr%2B3STfYHGn%2FB5b3e4bj7%2F%2FfKyFF3WR1QhmLffX58zNcXBkiG4xmGrrmBHunrL%2Fowdnq7%2Fmfq67OVRzok0S5SJNLgIdS1XFCtZ5GETGP8AMTpH%2BFWVcu9mZ5kzxb9tJphQBHk6ArjkfIoV%2FnSvG1fUqIZ7CTqeNBeEUiuIjXL4IO%2BkwXhFGD2xRZg%2Bqv4ulMSXmodDptJZCDmbU%2FWS8S21Oey7jc5pxS8BquOSqB9aPs60XaAs0yLnBVw2nhql326wx%2BOBi%2FHvmYYoH8Jf9SbZ8hVfDg%2BwZ4LZfMdEL35vCOPi8KsZBIq4UovLs%2FwyuDZG%2FJyN2QB12EGvt1pa71tqtWQablf%2F77SlIExh57U%2BYkdmHREYjCKuM1wa2dqaYvDVcHPEvspjfNUNIn0RzY6of2Xpggjm6A4Z8HgJhg%3D%3D&nvMid=29030367587&catId=50001519
Apple 아이폰 13 프로 512GB [자급제],"1,609,890원",https://cr.shopping.naver.com/adcr.nhn?x=YgJyJ3R9HBJKj6ha9g2Frf%2F%2F%2Fw%3D%3DsMrWuZnApi0EYCVG6km4fME0gVS8n2OiMjRGg5TOxfyVWQE1WikGGRjsm7ORTamZ7Tv5l2SieqEX4JxM36WhjIDSx4ffcd46I%2FrnLDI1JydgvSrFv7htgRKF7RyqjvttIeV2b9%2FKtydjF7Jw7cYFk80Pg%2F6PYJW9LpCSumzPJoiiI9aZyW4hhCgmcrsQhWGWGidrGyrdYG9xYKiUSnB31wfKAXVfyDB1yTbVYYpYzcFnUHxlEatbmVq7jmztE%2FywsR0o95nIPzdxjOapWr2c7TLsxo5hZ8Bu6kC6Wj0ORb6hVXemfpmeX70wC2wQT5nyi5pxiwDZPU40LYzhHX%2FcRv%2FxWF5I1ZqMtNxq6I7aKMFOzaLo3YojXuQJMvdaZ%2BI%2Fy%2F0X8gFBBhr6rnnTk5Nq2rG3idFNp1uFUR3HkGvcrREaxyTNOpvF5JKAAUscSxRXpjrModG8ApvyDh2g%2Bv61QB4477o7USeaHMDW4VjUWS80N%2FOXq06xFLlMCwNDQObjPLcqEhOiscytOptfh0D9%2BAjVQgYNCE1yTgJa5XSmW8kK8vdyy6VaoG8ShdWbwy2kxv4YGjJCSIW1IvBxXT1wG99vUrOKkbgbzF97jSZ4ImOtvU2Y6hEEwGxc1AZfON9sL4VRAH%2BsMDObarUodGweR8Q%3D%3D&nvMid=29030416587&catId=50001519
Apple 아이폰 13 프로 맥스 512GB [자급제],"1,724,500원",https://cr.shopping.naver.com/adcr.nhn?x=jB3RoKnlLHoPZDb04w2dtf%2F%2F%2Fw%3D%3DsUtCtJzLib5WJM0uK%2BdMIyUm1kV9eo5X6zTn%2FFGstfrJWQE1WikGGRjsm7ORTamZ7XIyUh9UEr65nsGNWXne4lDSx4ffcd46I%2FrnLDI1JydgvSrFv7htgRKF7RyqjvttIeV2b9%2FKtydjF7Jw7cYFk80Pg%2F6PYJW9LpCSumzPJoiiI9aZyW4hhCgmcrsQhWGWGOUisOr%2FsrM0gmiALHeCsDvKAXVfyDB1yTbVYYpYzcFnUHxlEatbmVq7jmztE%2FywsR0o95nIPzdxjOapWr2c7TLsxo5hZ8Bu6kC6Wj0ORb6hVXemfpmeX70wC2wQT5nyi5pxiwDZPU40LYzhHX%2FcRv5KuaxyNzx%2FawQEtK29DhKCzaLo3YojXuQJMvdaZ%2BI%2Fy%2F0X8gFBBhr6rnnTk5Nq2rBlJPe3j5b5TImvYQcfvLT6xyTNOpvF5JKAAUscSxRXpjrModG8ApvyDh2g%2Bv61QB9KPcVZ%2FKrjPa0MWs5Dn6qSO%2FTmDzyWk%2F15Svlrc3SxOJQ7%2B%2B64EKB%2FCwjrIJoRho2LyPDWRgylYE96MH4EkL2YdFkWGtWakTVzedZwCzKiSDWrhHEcp0p%2F%2FKKziu53PdNvSfrxHnUzpP8My1NNB2lEw9vjd%2FyzVe9r5dSlFGNPMy1Vhq%2FH77x9Zlr1IFzyuow%3D%3D&nvMid=29029192586&catId=50001519
Apple 아이폰 13 미니 512GB [자급제],"1,260,800원",https://cr.shopping.naver.com/adcr.nhn?x=jMdb2TmHAEesIlQiEM7nt%2F%2F%2F%2Fw%3D%3Dsxcqk35RcTBP7AYx%2BPQM502W2vUDKwI1jcrwR%2F6VYJTlWQE1WikGGRjsm7ORTamZ7twv6h%2F166eLC%2F1V3sS5NwzSx4ffcd46I%2FrnLDI1JydgvSrFv7htgRKF7RyqjvttIeV2b9%2FKtydjF7Jw7cYFk80Pg%2F6PYJW9LpCSumzPJoiiI9aZyW4hhCgmcrsQhWGWGRcIO%2FsSRKHMrPSPiMPM2BfKAXVfyDB1yTbVYYpYzcFnUHxlEatbmVq7jmztE%2FywsR0o95nIPzdxjOapWr2c7TLsxo5hZ8Bu6kC6Wj0ORb6hVXemfpmeX70wC2wQT5nyi5pxiwDZPU40LYzhHX%2FcRvwKcgzvehu9%2FaIjJsiZw%2FEezaLo3YojXuQJMvdaZ%2BI%2Fy%2F0X8gFBBhr6rnnTk5Nq2rF53t%2B3QoJYb4yEm4wbkgs6xyTNOpvF5JKAAUscSxRXpjrModG8ApvyDh2g%2Bv61QBxc4Kvpygo5zVB8uYEvhv94N%2FOXq06xFLlMCwNDQObjPLcqEhOiscytOptfh0D9%2BAu6tcnp1YaraO8WbMJ9BvfI6y2toISAeKMoflXyGYDo5v4YGjJCSIW1IvBxXT1wG9yFDYY%2FGzhA9eE7IwrHQfspjtEEnHZo%2B%2FVuCJHvsmHjrDVCYCaeglF2rgr1u2OQIzQ%3D%3D&nvMid=29030296587&catId=50001519
Apple 아이폰 13 프로 맥스 1TB [자급제],"2,023,500원",https://cr.shopping.naver.com/adcr.nhn?x=xrA0QpAfmzcOceTdChFwwv%2F%2F%2Fw%3D%3DsckO33%2FFCVcEhIqOwOkn6WwkuqmZwLEA1NJZBiFaAS5hhJz9H0Ub4KLvuVTVtNMxMpWOWXN94rBNqa8Rn8%2BAkis2YJUiR2hpCfKzH%2B3bscZGWVI8eMVtfjCATDTx93MqnsPT4pXZQSz4fmK4SDJwaeci30QtKP1mA7BYZPpxeJLexWvZfe2todmJfmpbNrXnqArgGaDBKbEfnwAwTC02FZ7ix7jXt7MNVc9AIu4EfDZlNEwRr%2B3STfYHGn%2FB5b3e4bj7%2F%2FfKyFF3WR1QhmLffX58zNcXBkiG4xmGrrmBHunrL%2Fowdnq7%2Fmfq67OVRzok0S5SJNLgIdS1XFCtZ5GETGHHzMul%2BE5vfQuCFyjTjI4RtJphQBHk6ArjkfIoV%2FnSvG1fUqIZ7CTqeNBeEUiuIjaAB8uIYu9siF3ut%2BuyVuCsulMSXmodDptJZCDmbU%2FWS8S21Oey7jc5pxS8BquOSqB9aPs60XaAs0yLnBVw2nhoFlY2PJxmXo%2FLApBw6QUOlmWXdAuntmcqbOFOk%2BQxKwTsYpWArfrP4OWQG6aF6ItizsHqYYQcuV8LfrQ2BMh9OramjBwCZI9AwCV4mCTWQmWr00hr0wZC7dtvq8t2AXfPiEOFB7hw3TwYX0ELw8AOXaGimR4pR27mrh1IoDTOSgA%3D%3D&nvMid=29029192590&catId=50001519
Apple 아이폰 13 512GB [자급제],"1,328,900원",https://cr.shopping.naver.com/adcr.nhn?x=ZpK2gTUv8DHhcaVmqt%2BXhf%2F%2F%2Fw%3D%3DsLi7UseocaDKoHp0pJqlgvR8Laif5FICMESjaw9m6tplhJz9H0Ub4KLvuVTVtNMxM%2Frg6i0j0W6q1bSkEDPuqLM2YJUiR2hpCfKzH%2B3bscZGWVI8eMVtfjCATDTx93MqnsPT4pXZQSz4fmK4SDJwaeci30QtKP1mA7BYZPpxeJLexWvZfe2todmJfmpbNrXnqMp%2F9XPfjTZN93E2a1T98erix7jXt7MNVc9AIu4EfDZlNEwRr%2B3STfYHGn%2FB5b3e4bj7%2F%2FfKyFF3WR1QhmLffX58zNcXBkiG4xmGrrmBHunrL%2Fowdnq7%2Fmfq67OVRzok0S5SJNLgIdS1XFCtZ5GETGGegc2P25ebWY5fyADdlTLdoKCCrHNKTQTNT32sYCXsdG1fUqIZ7CTqeNBeEUiuIjRXHWM7gXKNzK85Lvu0ZShsulMSXmodDptJZCDmbU%2FWS8S21Oey7jc5pxS8BquOSqBDNRgebk3hlYyp7a3bInYHPU6pntGCurhu%2FV8uonTYh5X6MB3JdbnBohOi8QY2msiSQkYBPk%2BhFf27mtLsZhteeUpmWRjQRx0AvTE8geMd1CdEHD%2FHV8hpTSILi5JBNPXtX62GuOOy%2F%2BqM3pO4ffuFXc50eBITwugSNPH3Ok09sVpGw61BSdoQRvEGgfFlc5w%3D%3D&nvMid=29030496586&catId=50001519
Apple 아이폰 13 프로 1TB [자급제],"1,892,400원",https://cr.shopping.naver.com/adcr.nhn?x=dLvLZGDae1W5IsnCw5Eb%2Bv%2F%2F%2Fw%3D%3DsopzE1%2FcJ46xknpbLvPtb4%2BFspVPYqX0t88YZymX8XhRhJz9H0Ub4KLvuVTVtNMxMotyZ0DtOtfpsOVI9KTHioc2YJUiR2hpCfKzH%2B3bscZGWVI8eMVtfjCATDTx93MqnsPT4pXZQSz4fmK4SDJwaeci30QtKP1mA7BYZPpxeJLexWvZfe2todmJfmpbNrXnqM3WLqq0EN7lRPuVNhhc%2BTLix7jXt7MNVc9AIu4EfDZlNEwRr%2B3STfYHGn%2FB5b3e4bj7%2F%2FfKyFF3WR1QhmLffX58zNcXBkiG4xmGrrmBHunrL%2Fowdnq7%2Fmfq67OVRzok0S5SJNLgIdS1XFCtZ5GETGPVmIKejQHBExtMZKU5HEgGd6PbPnc9RLVNJQhjAPciPG1fUqIZ7CTqeNBeEUiuIjZ0WRO1bKF6quFFvn%2B5JRKUulMSXmodDptJZCDmbU%2FWS8S21Oey7jc5pxS8BquOSqL7TYp%2Fq8N0dYeLWf3iUY%2FEUOWN9OD4ZGbyjxtdt5BjzuwP9L0j7YvHB2OKNn2rLcGP6voSXv%2Ff4oGOxji1LiPdEUmwCCiC1bCe4ZBMTAaK5%2BgtF15PMkmjkNDmi88yMRU4VYb84PvK9qGIg2xje%2F8hjtEEnHZo%2B%2FVuCJHvsmHjrDVCYCaeglF2rgr1u2OQIzQ%3D%3D&nvMid=29029192588&catId=50001519
Apple 아이폰 13 프로 128GB [LG U+],"632,000원",https://cr.shopping.naver.com/adcr.nhn?x=APUqf7Jvf9sJGH2lePjEcP%2F%2F%2Fw%3D%3Dsfmb70qaJRfrOGT4ghq7d28%2Bf%2B53JpkBxmD6iVz5UKGlWQE1WikGGRjsm7ORTamZ7AvnkulIqFoaPoJxictJUFTSx4ffcd46I%2FrnLDI1JydgvSrFv7htgRKF7RyqjvttIeV2b9%2FKtydjF7Jw7cYFk80Pg%2F6PYJW9LpCSumzPJoiiI9aZyW4hhCgmcrsQhWGWGApy8PrPjYBxKiSuGBOs3i%2FKAXVfyDB1yTbVYYpYzcFnUHxlEatbmVq7jmztE%2FywsR0o95nIPzdxjOapWr2c7TLsxo5hZ8Bu6kC6Wj0ORb6hVXemfpmeX70wC2wQT5nyi5pxiwDZPU40LYzhHX%2FcRv4RSuYGxe9ZJMkYJaXQmSiKzaLo3YojXuQJMvdaZ%2BI%2FyLqWgWd0hjfnomE3vy2MrU9zjt%2FDSzRMNvby671TOnHmxyTNOpvF5JKAAUscSxRXpjrModG8ApvyDh2g%2Bv61QB9OgHh8GcAU6YAPLqcCMdFD%2FzaVgfXndF2fkBs0qzZTvfpF8bfclcJjAeddKIqLqoBfbz%2B%2FOvWrgtwPMyrhDit2hYZ%2FhI%2FkN84je6k%2F%2BbfyX8PrSuyjn4acnbg6C%2Bhzmy8rsC7kagz3RCD3Nk8ZQt8vke%2FVP%2BgM94BPZkP5YJ%2Bex&nvMid=29030175590&catId=50000248
Apple 아이폰 13 미니 256GB [LG U+],"140,200원",https://cr.shopping.naver.com/adcr.nhn?x=PdcRQDipL2hMrNhPkCamA%2F%2F%2F%2Fw%3D%3Dsry7XlSIXzS78dqgiqOGD6rjRW%2B5B%2BTq6v%2BbsP2yub6tWQE1WikGGRjsm7ORTamZ7sPbv2QCfMUzHcIEiUc7CUzSx4ffcd46I%2FrnLDI1JydgvSrFv7htgRKF7RyqjvttIeV2b9%2FKtydjF7Jw7cYFk80Pg%2F6PYJW9LpCSumzPJoiiI9aZyW4hhCgmcrsQhWGWGxBB5hi6hqaEwsBLl9PcwYPKAXVfyDB1yTbVYYpYzcFnUHxlEatbmVq7jmztE%2FywsR0o95nIPzdxjOapWr2c7TLsxo5hZ8Bu6kC6Wj0ORb6hVXemfpmeX70wC2wQT5nyi5pxiwDZPU40LYzhHX%2FcRv3r1s8KhtaFbkoX7DCS0ycmzaLo3YojXuQJMvdaZ%2BI%2FyLqWgWd0hjfnomE3vy2MrU%2ByflqZIBsj4Htpt1dBP3dixyTNOpvF5JKAAUscSxRXpjrModG8ApvyDh2g%2Bv61QBy76f1u%2BWE%2Bs3CkM%2BRiNFL3%2FzaVgfXndF2fkBs0qzZTvfpF8bfclcJjAeddKIqLqoBVgg3He21OwGMbeqnauRUKhYZ%2FhI%2FkN84je6k%2F%2BbfyXlG7Pc%2F2144WbRF8YblGZ4uUblY3PrCpUogJMnmvOKDPke%2FVP%2BgM94BPZkP5YJ%2Bex&nvMid=29030376589&catId=50000248
Apple 아이폰 13 미니 128GB [LG U+],1원,https://cr.shopping.naver.com/adcr.nhn?x=VtPZ%2BDyUN3vcjLmHlMpdB%2F%2F%2F%2Fw%3D%3DsoB6On0lQRDdGpg8VyQXmjAbM58ZqRJSzeD3hTFhjLhxWQE1WikGGRjsm7ORTamZ7yKIfhV88%2BPJswtl4mSF01jSx4ffcd46I%2FrnLDI1JydgvSrFv7htgRKF7RyqjvttIeV2b9%2FKtydjF7Jw7cYFk80Pg%2F6PYJW9LpCSumzPJoiiI9aZyW4hhCgmcrsQhWGWGJotMI0cao4vCmnMLYrRgWPKAXVfyDB1yTbVYYpYzcFnUHxlEatbmVq7jmztE%2FywsR0o95nIPzdxjOapWr2c7TLsxo5hZ8Bu6kC6Wj0ORb6hVXemfpmeX70wC2wQT5nyi5pxiwDZPU40LYzhHX%2FcRv9jBEkszQekJE4eGWBgHWUCzaLo3YojXuQJMvdaZ%2BI%2FyLqWgWd0hjfnomE3vy2MrU01Y1ec23%2BN58O6XVydqfq2xyTNOpvF5JKAAUscSxRXpjrModG8ApvyDh2g%2Bv61QB9f04SLzEOLuWyApwkiBtsH%2FzaVgfXndF2fkBs0qzZTvfpF8bfclcJjAeddKIqLqoIoQtmVOblIuK7EXBvUIUV%2BIDf9TYDOC4LzgCehLsur5v67iBjeRsSkv94fvybMJtL3sIQFb%2FCLg6jKKftbnxy%2BFbDf4gHI5rSMJU1BWcIOg&nvMid=29030431586&catId=50000248
Apple 아이폰 13 프로 256GB [LG U+],"761,800원",https://cr.shopping.naver.com/adcr.nhn?x=MKyRF%2B0Xe7GLt9vYC8T%2B4P%2F%2F%2Fw%3D%3DsarQbnDidXs9%2B%2FWWCujqbhkLFe7Nj4MgnfMKUiUD51csbsBKbbjTB%2BBCjsLv6tz%2Bjjty%2BGrc1e2b2QUD2jWhcmkonSkrsRwQGtO5jp1f2AgQtzjoIiX%2FlqLy27tf42drpTB%2F8ysG47u71XwxWicFn10gAn8lD2%2BxrgblrBqYwPdWug%2B9sjA7rHdeMLkY%2BwIMUMJUr%2Fr5heP7x50dYzAAW6TQZD6UDT51Dg8nNb9lI8fV%2BFLPJmN7kd5F0maTGsL0cI2yMpyMwWAWUy7guj5HsTkuXqjy6IxZGqO5S%2FOnjiuLffisv5tHfoGFh7RH%2BtSaOAFJNLWxG%2Fj2gEfGb7GroeL69thBySKY1KwM6tsrgF1Qoz61FdM%2FPEAw7S9ANPHk7XDWTeRReOiaoO3w1jY%2BQmoPzJdSGWBt3WJVMEW2Iq0aAQ%2BNIqlmjXmDKTrrOSU2AQ5NpxzD%2BGh1Qsf3DjaBN7lca8pJnVAllZ%2FEl77tED7QUK8v2WSSGg1nP3KC3hzty8jR8gVF8FlQ9pItE8Zzc8t%2BNm%2BgROoVcKSaeIQmi4hj9hJ%2FeURqqc9rAlC3evMtq%2BgtF15PMkmjkNDmi88yMRagiIt0V6tAFysDdYH47s8ljtEEnHZo%2B%2FVuCJHvsmHjrDVCYCaeglF2rgr1u2OQIzQ%3D%3D&nvMid=29030415586&catId=50000248
Apple 아이폰 13 128GB [LG U+],"424,700원",https://cr.shopping.naver.com/adcr.nhn?x=S%2B%2Bs%2BgxkU4bzaY5S6dJemv%2F%2F%2Fw%3D%3DstXFdCFWOUYevZe1BNW6xRpbBGmAFwLkfPXwtduFGgnFWQE1WikGGRjsm7ORTamZ7jjIJhBL%2FaRaeyNYl81IltTSx4ffcd46I%2FrnLDI1JydgvSrFv7htgRKF7RyqjvttIeV2b9%2FKtydjF7Jw7cYFk80Pg%2F6PYJW9LpCSumzPJoiiI9aZyW4hhCgmcrsQhWGWGwosKqTnb%2BAqxbJsu%2BamdqfKAXVfyDB1yTbVYYpYzcFnUHxlEatbmVq7jmztE%2FywsR0o95nIPzdxjOapWr2c7TLsxo5hZ8Bu6kC6Wj0ORb6hVXemfpmeX70wC2wQT5nyi5pxiwDZPU40LYzhHX%2FcRv4RWlCNv6xS5OdzUuV7dJKSzaLo3YojXuQJMvdaZ%2BI%2FyLqWgWd0hjfnomE3vy2MrU5rJ6waW0TBno%2Fk2vxy%2B9sexyTNOpvF5JKAAUscSxRXpjrModG8ApvyDh2g%2Bv61QB8Y7YlAvEakB77%2FCbXhDtrmhzDfp6Y5Zq42WobtISlGzbDgfm78NqUslrTiGuyy0AVgtvnSuvBM3GCyJT6DWU%2BERpOFzCbaM6OU97uoPifjrjahKTMXVR9%2FsNZvUz5rrZDg%2BowbIMgY3XHj9WdQ3lfmCqA6%2BrrPkSkQjk3bFq%2FUy&nvMid=29030372586&catId=50000248
Apple 아이폰 13 미니 512GB [LG U+],"417,800원",https://cr.shopping.naver.com/adcr.nhn?x=qjTGlZQjMftr%2B5ZnUyas1v%2F%2F%2Fw%3D%3Ds%2BvLSz%2B%2BxwF32JQcN737vg%2FsjaL5oJSTLexT2TiprBcobsBKbbjTB%2BBCjsLv6tz%2BjmFczrmZH93XZSy%2BhesKCJwOSWKD1%2FQ75DdTFYDzRYqAtzjoIiX%2FlqLy27tf42drpTB%2F8ysG47u71XwxWicFn10gAn8lD2%2BxrgblrBqYwPdWug%2B9sjA7rHdeMLkY%2BwIMUYN6xeMDoEaAupbc0zTGDWzQZD6UDT51Dg8nNb9lI8fV%2BFLPJmN7kd5F0maTGsL0cI2yMpyMwWAWUy7guj5HsTkuXqjy6IxZGqO5S%2FOnjiuLffisv5tHfoGFh7RH%2BtSaOAFJNLWxG%2Fj2gEfGb7GroeCn5b8VjwZOZ0urH1f%2FipVv3pAUjHGXeE8XsSBYA2WTGXDWTeRReOiaoO3w1jY%2BQmuKuj%2F9c5XZkKSjaYPHR6amAQ%2BNIqlmjXmDKTrrOSU2AQ5NpxzD%2BGh1Qsf3DjaBN7nDk%2FkbHZxyMzTBpfIN1hTMFp1UnEPxT%2FlNfJS%2BGCP%2FW8jR8gVF8FlQ9pItE8Zzc8sQG%2FfWP%2FI60yas7Bpj88lWZg9QzOAh26KZ7qvvTkbcG%2BgtF15PMkmjkNDmi88yMRcYRxLLu%2B6oSVWzLVSi28Wr0UbNk5di1V8jUMbmtHii%2FBq7h9PA5SrIXrcWPClBGWw%3D%3D&nvMid=29030419586&catId=50000248
Apple 아이폰 13 프로 맥스 256GB [LG U+],"959,600원",https://cr.shopping.naver.com/adcr.nhn?x=Gl8oVJKolwz6Da9IL2iQTP%2F%2F%2Fw%3D%3DsIlAdcP2nd5cZi4Fr%2FooLUWZpOnLDo2NeO1%2FuWSUUTUMbsBKbbjTB%2BBCjsLv6tz%2Bj42t%2BK9AiXLrXfpMb6vlYR20X22wzXiX88nhwDBfpZvgtzjoIiX%2FlqLy27tf42drpTB%2F8ysG47u71XwxWicFn10gAn8lD2%2BxrgblrBqYwPdWug%2B9sjA7rHdeMLkY%2BwIMU0nYCIitiLlu%2FFmiEv68MvzQZD6UDT51Dg8nNb9lI8fV%2BFLPJmN7kd5F0maTGsL0cI2yMpyMwWAWUy7guj5HsTkuXqjy6IxZGqO5S%2FOnjiuLffisv5tHfoGFh7RH%2BtSaOAFJNLWxG%2Fj2gEfGb7GroePF6%2BGuxMSIeV%2F8uhTOvTUfrdbOMUF9hc7d5JNN8YiWgXDWTeRReOiaoO3w1jY%2BQmrs5DaD3P0PqOelcL1TVfCCAQ%2BNIqlmjXmDKTrrOSU2AQ5NpxzD%2BGh1Qsf3DjaBN7lca8pJnVAllZ%2FEl77tED7QDAvFUWcQ2OHIyCM%2Bq1sGIGclVz%2FDAcedT3HbTBbbLwStrndW%2Fn2cGD1NJ%2Fsy3znXuvbBUQM8xOcJJAVnMR91gramjBwCZI9AwCV4mCTWQmYDNQAwts0LIBflKE29UckLtzf30VU4UFDJPAQYzZ5R%2FaGimR4pR27mrh1IoDTOSgA%3D%3D&nvMid=29030190586&catId=50000248
Apple 아이폰 13 프로 512GB [LG U+],"1,097,400원",https://cr.shopping.naver.com/adcr.nhn?x=sgDVLa8skTyehajmNJLJ%2Bf%2F%2F%2Fw%3D%3Dsdi3ntVqs1JAaRdFt38NcQ8oRdqOR8vWClv0PJQRKLBRWQE1WikGGRjsm7ORTamZ74CHvsr%2FhIy0jWlImSbxyjzSx4ffcd46I%2FrnLDI1JydgvSrFv7htgRKF7RyqjvttIeV2b9%2FKtydjF7Jw7cYFk80Pg%2F6PYJW9LpCSumzPJoiiI9aZyW4hhCgmcrsQhWGWGsM41xYZMvstYZslGG4yYf%2FKAXVfyDB1yTbVYYpYzcFnUHxlEatbmVq7jmztE%2FywsR0o95nIPzdxjOapWr2c7TLsxo5hZ8Bu6kC6Wj0ORb6hVXemfpmeX70wC2wQT5nyi5pxiwDZPU40LYzhHX%2FcRv%2FZf7q5QKF4bnE1H6ERmLImzaLo3YojXuQJMvdaZ%2BI%2FyLqWgWd0hjfnomE3vy2MrU4h%2BcRK7%2FN7hGXRrttaJlWixyTNOpvF5JKAAUscSxRXpjrModG8ApvyDh2g%2Bv61QB4477o7USeaHMDW4VjUWS83%2FzaVgfXndF2fkBs0qzZTvfpF8bfclcJjAeddKIqLqoMnIDSgYj36sPd%2FBmRtIV4W37UkyQoFCNcDVUkGXmRXs2XM2DwswaLz0UgWJfbVUHPLxUHg4Pe2xcAv8TQm7yT5Xc50eBITwugSNPH3Ok09sVpGw61BSdoQRvEGgfFlc5w%3D%3D&nvMid=29030295586&catId=50000248
Apple 아이폰 13 256GB [LG U+],"502,000원",https://cr.shopping.naver.com/adcr.nhn?x=wMTggB5WPvJQ0DbwNTb5mP%2F%2F%2Fw%3D%3Ds4iZclf4DXTLYGU6VbYATw8KsDZEzig%2BoVu0MzFQgD2hhJz9H0Ub4KLvuVTVtNMxMmRIMcRO4EErHgJY8vYss0M2YJUiR2hpCfKzH%2B3bscZGWVI8eMVtfjCATDTx93MqnsPT4pXZQSz4fmK4SDJwaeci30QtKP1mA7BYZPpxeJLexWvZfe2todmJfmpbNrXnqxxsm%2FS7PvYrIy2gc0Hbz67ix7jXt7MNVc9AIu4EfDZlNEwRr%2B3STfYHGn%2FB5b3e4bj7%2F%2FfKyFF3WR1QhmLffX58zNcXBkiG4xmGrrmBHunrL%2Fowdnq7%2Fmfq67OVRzok0S5SJNLgIdS1XFCtZ5GETGM5aEXjyerbR9CaucMhX65x1e64%2Bxq2BhT2J3aNN%2FwB9H7RUU7G7711p3Of%2B6gz7p713cJ4NW1nSkyJcKwH1bPgulMSXmodDptJZCDmbU%2FWS8S21Oey7jc5pxS8BquOSqCUKEIof2Vcv8M3kurMkjBL5YbLlxragaaIQX6kJDBj8D6QkZjCZcMNTR4jeTmX45bGHjcpcSUSunnStLXKyY6UNauEcRynSn%2F8orOK7nc90yfFuXgOFa2PUTvoc%2FlbAhuw%2F6Q2qTGuqjjS6s78JPGXLVWGr8fvvH1mWvUgXPK6j&nvMid=29030189588&catId=50000248
Apple 아이폰 13 프로 맥스 128GB [LG U+],"818,100원",https://cr.shopping.naver.com/adcr.nhn?x=TrhG4E%2F5as0qm1fcRuOL5%2F%2F%2F%2Fw%3D%3Ds5W%2BW1DfKOFaY7HDLw4pWM%2BbrFCJBwEE1WHs60vg9MHMXfmlaZeQqomjdtI9e3qsmKzQY5W4AFFFIFmv32o10UojttO1pfoofPp1AnjsnDnpUtlFN7vvnseiGyWOjSGJXX5ao8tKuqqzomv2GpRUC1sOmY27ZGze0Q%2BtXRlM4OxtFSICBvI1ATDFN58yC%2Fe2xq1QOhi7ip%2FBf9l2QCV11s8dAmfSN83ChOoIPfneWzCavS7fnn7TEzbGYEdK0StlzoX%2FJ2zLULhaDdK4H9pm7qDPDpGIrabitp2up06DaRfi54J8UO7LDGXdPU9Do8oyMXmq0wb8nQ9S1CNyVqQgAyGFcoMbfczjM4mrAk4%2FsyxZQvCL0vjT7BDyew%2BppTYv%2Bf7tEsR%2FQiiXKDPGKE8P4jCqxQi9Ok9v%2BliotU1YfzlxLXcv9Az4Jm6rquko58j6DsqLykQuGh01ylIDtEDoqxgd%2BG16etLspUe2HE9zONyfCBGxurbAkIg2Bbwb5QzVdXGfKYExq7uG4FGIUYcPNsTr31%2BI7mNDc2EolvqGmL9D%2FjV9jhyNS7blni07euUW%2Fj%2FaM5nVf1rOXk0fVU4woW%2FjLM1cCLFWwLSA3suYSMS9vU2Y6hEEwGxc1AZfON9sL4VRAH%2BsMDObarUodGweR8Q%3D%3D&nvMid=29030352586&catId=50000248
Apple 아이폰 13 512GB [LG U+],"839,000원",https://cr.shopping.naver.com/adcr.nhn?x=w0IZRcHEMXdtcFf6ytUjV%2F%2F%2F%2Fw%3D%3DsLZkPj2w6MlMBlRCvw5u4NReddPDX%2BffhqEiSGmmvRp9hJz9H0Ub4KLvuVTVtNMxMjoRfGxrEmoG2q5fxFYL8H82YJUiR2hpCfKzH%2B3bscZGWVI8eMVtfjCATDTx93MqnsPT4pXZQSz4fmK4SDJwaeci30QtKP1mA7BYZPpxeJLexWvZfe2todmJfmpbNrXnqJg934XoEkbAciqCMIan0C7ix7jXt7MNVc9AIu4EfDZlNEwRr%2B3STfYHGn%2FB5b3e4bj7%2F%2FfKyFF3WR1QhmLffX58zNcXBkiG4xmGrrmBHunrL%2Fowdnq7%2Fmfq67OVRzok0S5SJNLgIdS1XFCtZ5GETGLaj0tcwrBEjofFtp6j0q5zJxazdOMMdW%2FhzVKqxe625H7RUU7G7711p3Of%2B6gz7p5QIt58Vv2GBgMmfT5c9OaMulMSXmodDptJZCDmbU%2FWS8S21Oey7jc5pxS8BquOSqGSOA9t8GUmkhelD4RBTDkX5YbLlxragaaIQX6kJDBj8D6QkZjCZcMNTR4jeTmX45T%2BYA771QeDnX2Rf3z2EavMNauEcRynSn%2F8orOK7nc90ZH9b7LNmn%2FWMVjpr8uyfXaJ%2BR%2Ffk4lEHV4nl%2Fh9S00DLVWGr8fvvH1mWvUgXPK6j&nvMid=29030296586&catId=50000248
Apple 아이폰 13 프로 맥스 512GB [LG U+],"1,321,000원",https://cr.shopping.naver.com/adcr.nhn?x=ssX%2BwdbjRbuZxRNavVD3iP%2F%2F%2Fw%3D%3Dse%2ByQXieA6J3tTpKECEIoH3pLUEzh6S0CaoBb2MQTAmthJz9H0Ub4KLvuVTVtNMxM3gv6Qf9SQ%2BVAVBeCUl5MMc2YJUiR2hpCfKzH%2B3bscZGWVI8eMVtfjCATDTx93MqnsPT4pXZQSz4fmK4SDJwaeci30QtKP1mA7BYZPpxeJLexWvZfe2todmJfmpbNrXnqC8G1K0WqC%2BMx%2Bsb%2BJ3EYX7ix7jXt7MNVc9AIu4EfDZlNEwRr%2B3STfYHGn%2FB5b3e4bj7%2F%2FfKyFF3WR1QhmLffX58zNcXBkiG4xmGrrmBHunrL%2Fowdnq7%2Fmfq67OVRzok0S5SJNLgIdS1XFCtZ5GETGLtwO14Sv%2BbEjcDBKpIb37h1e64%2Bxq2BhT2J3aNN%2FwB9H7RUU7G7711p3Of%2B6gz7p7bNZP0%2B21KUHcaeVeerOeoulMSXmodDptJZCDmbU%2FWS8S21Oey7jc5pxS8BquOSqB9aPs60XaAs0yLnBVw2nhrD5vQDu2cP7%2FfJMpL9wmHsmlPajaisdEHNdTMLgTpRZhjq0%2F6db1IzRS1vt1JNKos5QDESXi19u2EFZavG1c%2BZiA3%2FU2AzguC84AnoS7Lq%2BY26gj2DqAr7dg2Y4QUoXZ3C78EalsHjBL4eZ%2F665j4bhWw3%2BIByOa0jCVNQVnCDoA%3D%3D&nvMid=29030181590&catId=50000248
Apple 아이폰 13 프로 1TB [LG U+],"1,426,200원",https://cr.shopping.naver.com/adcr.nhn?x=Mcv%2FBeCQd8E0nG6oM%2BioKf%2F%2F%2Fw%3D%3Ds3Bb3oxeGeDb6WbOyU9NEswhVoHPaSbVTrO0pqawcLhdhJz9H0Ub4KLvuVTVtNMxMk3HXfH8Q8GHrUAJ%2BeMiLoM2YJUiR2hpCfKzH%2B3bscZGWVI8eMVtfjCATDTx93MqnsPT4pXZQSz4fmK4SDJwaeci30QtKP1mA7BYZPpxeJLexWvZfe2todmJfmpbNrXnqXjTaYLCBU0RKnrlIKcfhorix7jXt7MNVc9AIu4EfDZlNEwRr%2B3STfYHGn%2FB5b3e4bj7%2F%2FfKyFF3WR1QhmLffX58zNcXBkiG4xmGrrmBHunrL%2Fowdnq7%2Fmfq67OVRzok0S5SJNLgIdS1XFCtZ5GETGOk8mvYygHE2v2ar24rGyrJtJphQBHk6ArjkfIoV%2FnSvH7RUU7G7711p3Of%2B6gz7p%2FY%2Fql%2F0mhQoQsenoNjDXsMulMSXmodDptJZCDmbU%2FWS8S21Oey7jc5pxS8BquOSqL7TYp%2Fq8N0dYeLWf3iUY%2FFCJ%2F0P0zUbWoKtYr5Bg%2B6rV5wvSck0MfgYLl2aZJDmmg8N%2FJQJ4Uo%2FxhP8JClIMqEP0iJ%2FXR2nc%2BxqH1kwSFRBENhIgRPMYNFcTSqPHgE9TO0h25tNE2GI0CA05y8R3GNWhZ3SMHTcLlpircdRzUgq1JIslBmdxaTx7xO1%2BPPoWw%3D%3D&nvMid=29030294586&catId=50000248
Apple 아이폰 13 프로 맥스 1TB [LG U+],"1,580,200원",https://cr.shopping.naver.com/adcr.nhn?x=ZHdKn1dPMOvFPVZmUo342v%2F%2F%2Fw%3D%3DsxM5HIcAB8iQLKbw%2FTuNqZFnTykhQN4uK31X%2FjZ%2B%2BFf8bsBKbbjTB%2BBCjsLv6tz%2BjHomfDfjk5rR2IiEQ5KXHPQN4KkALXCU3sR%2FCVKspnIYtzjoIiX%2FlqLy27tf42drpTB%2F8ysG47u71XwxWicFn10gAn8lD2%2BxrgblrBqYwPdWug%2B9sjA7rHdeMLkY%2BwIMUv%2FiyLKIYZJmYdqtV06rV7DQZD6UDT51Dg8nNb9lI8fV%2BFLPJmN7kd5F0maTGsL0cI2yMpyMwWAWUy7guj5HsTkuXqjy6IxZGqO5S%2FOnjiuLffisv5tHfoGFh7RH%2BtSaOAFJNLWxG%2Fj2gEfGb7GroeOqo6RLOggFHB%2FC2gOUAtByXWTv1r8CDOl16dGzb5GX0XDWTeRReOiaoO3w1jY%2BQmmtr3f12g1qSQGYtbRxcvcqxSXoBuXI6Jal8phfbB0yQQ5NpxzD%2BGh1Qsf3DjaBN7lca8pJnVAllZ%2FEl77tED7QsRi2%2BbrHWX4ymc1UmdZJdDk5yE3l1CIhgE97RznNBm0yqOQp5S6zvj2nGzC%2BV8RHNiD01CMVshecGwN84mC74DWrhHEcp0p%2F%2FKKziu53PdJHeTOWUFpXe3dC84cYJcgQO5KedSrSTbl8XuMX67cpsy1Vhq%2FH77x9Zlr1IFzyuow%3D%3D&nvMid=29030181587&catId=50000248
Apple 아이폰 13 mini 자급제 128GB 핑크,"891,650원",https://cr.shopping.naver.com/adcr.nhn?x=EPjfVhgkO8FWo%2B22%2FF4OlP%2F%2F%2Fw%3D%3DsNDMl4fbILqlwVFLa6YN76thzwqStXkOnb3nJ63SDcR9WQE1WikGGRjsm7ORTamZ7NZV9QxaVMcrLXFsKk478rzSx4ffcd46I%2FrnLDI1JydgvSrFv7htgRKF7RyqjvttIR%2B7f9RvkhL58pcHDHtgGx3zmYN%2Fcvl75AGnByk2TjWEm5OY6%2FBA05LWPXaqTF3xXnI3Q%2FuFm111yFJnQ1iq5BxkZ7hw%2FtxVhT2jrdwZs57wJPQD%2BGLQoIkQRnNz4Vp4jGT%2BYqGKfXlxPjCrZN8GTgpBP%2FX5SqWs%2BXBdSekP8W2m3rANFZXA2Zw5efJHWmNb01Q6WFjU0jCicle4mgTYHvYBsJjzV%2F3vl5Lmd9HbkUGI%2FzdYC%2FwYAihDQzAs9Z5v9K5u9hFFwLeeYGXEC3WpHwiCEr1xyY6GFkSu2GoxIDF3%2FRfyAUEGGvquedOTk2rasDePfbLP97erwKG2A6GC81vMfo3nPGqzdI1bbGwzcRzMHs7fDUF3hntINts72qVF3OmJZvzC6vjQ2etE4Mw0VKHAro4SZPFZO5Ff9Dw061B8L6nrfebnckJCqgqS%2F1UnIcZpgz7GVzjIMUL51Vr7f%2BInkaB8nKRHQn6wPOVApQI8O4lfGN9o39m%2FbSpQCL%2B9fbXYuHxPdB2VgTgOJ%2ByVqQGS%2FBl5T%2B7ZFO5CVVgNUUsIGruH08DlKshetxY8KUEZb&nvMid=29619937553&catId=50001519
Apple 아이폰 13 자급제 핑크 256GB,"1,168,500원",https://cr.shopping.naver.com/adcr.nhn?x=9kQC7zkdsdGyMdmnw6Z1NP%2F%2F%2Fw%3D%3Dsc8Io6fxF%2BMfSfXxggdnCiGKsb7dQEdhTJ7UilspDYIdhJz9H0Ub4KLvuVTVtNMxMLPQlYVERlrLFr0dOxtQFos2YJUiR2hpCfKzH%2B3bscZGWVI8eMVtfjCATDTx93MqnsPT4pXZQSz4fmK4SDJwaeW3JzeXxkSdTecfUR4%2FvRQjd%2BKwjnmE8nmku4yNhWgwhmfLAARyRl0caaiEG3Q2bqyz6dcaQz9e%2ByYAHgK2%2BPMoTb0YFv5s1A1QcMmek9kATDL5S2pzgq17msx2gBlP5xqK5uUEs%2BqMGnIyvfnClDLBx3rfnaULJXvekM6TQ5wzkxITMqQ4RuZ98hfJ1%2BJLkRsOmY27ZGze0Q%2BtXRlM4OxtarJoVrbEtunAYIkKGowOq6gVYTjKUOcPx%2FDGDswVrDxWaWYkTj7xp9KvzGz7%2BZegbV9SohnsJOp40F4RSK4iNuPWICe0o%2F5DSndz04l2TfM3zVaNSnElUms3mYOzPgGkTFHVfVt6irmg4aToR%2FDWxag6C6aNR1TI9fRdnvf2UsPXajsHS9bvJEMwotgdtun4fksuHl5HZ5LZhnvs9wZ4vUywazjlBC6eafBB6Po0KXYOuAKV6RXG1Is03XJLviBf%2B1TKmmBxwpQEF%2BE6m5M5Ga9pjDMJx7sIw679z4%2FM2S1rJefoOJbmkO4BD9YMbmM0NUJgJp6CUXauCvW7Y5AjN&nvMid=29064755783&catId=50001519
APLLE 아이폰13 미니 128GB 미개통 미개봉 새상품,"696,480원",https://cr.shopping.naver.com/adcr.nhn?x=oaOTe6iWEV7p6cfDRIQMHP%2F%2F%2Fw%3D%3DsU6sHYHN6JAtGhv%2F8NrLovA0nBDjZ%2FXOUaCstuUQX5uMbsBKbbjTB%2BBCjsLv6tz%2Bj7RQqIPAhj7Mh8i%2BY9f3AKoFNYH7Gef%2BR%2FAUwoV0YxPItzjoIiX%2FlqLy27tf42drphUvmcA6NgGjLyP3FYROmIi8ffQLw1x%2F8Lf5s6Y8TBIHXkj%2BZW%2F1lJfgqvRvZaBhRdryen3P8FBBy9he%2BojQCSGVeUlICq1NeyVOaf%2BFxZcwsMS1FGwWcWYGDsphKP%2B0PxITMqQ4RuZ98hfJ1%2BJLkRsOmY27ZGze0Q%2BtXRlM4OxtarJoVrbEtunAYIkKGowOqS789sBUZtJtb5iGKnnCWRPdT163brR%2BlUHaAJPdmP%2FNhjJCiYA4JHC9pe%2FgFTXe%2FPAeRAXN5KB%2BTzc%2F0gnsaQ8e5xJiIoVjkdtksP2HV4eaVmU2oSm0faTZ2Yi4DsUnYBj53ycAigOBGSuGTAVGWrKrvyDl1LOV%2BQlOaaPZlOamGw9JUNCznOm0ti%2F3ZAfl4Gi8igs3rnkBJT%2Fp05dR%2FenGonTOeBn66CE0sAg6xbGIugiDh5S8n%2B7Rc0MeNuzgd7IjvUq7cx5%2F1cG7x%2BZaoDUoUHvY%2FZNP6ldsHhSw3RSbke%2FVP%2BgM94BPZkP5YJ%2Bex&nvMid=29003990842&catId=50001519
Apple 아이폰 13 mini 자급제 256GB 스타라이트,"1,035,500원",https://cr.shopping.naver.com/adcr.nhn?x=7DeV%2B3OyThOI8MtGwTxjI%2F%2F%2F%2Fw%3D%3DseQ6VJJ%2FbzYZhhe%2Fk9Iq53thd185uTJbXA6GqX6VYCW8bsBKbbjTB%2BBCjsLv6tz%2BjzOU9LmbiQHrNBbxkeHFZ%2Bf0V1wHb4rQ8N2gMU0XJsMQtzjoIiX%2FlqLy27tf42drpTB%2F8ysG47u71XwxWicFn13ULJJH%2BMKqMyaVu%2BUeO3m60%2B85WmSKK5LY2dJjcChMGEH%2BAaYhDPzU3ewm5W9RQFdZvC7h88OrTsd6pZT12o8hDtLxmD04N5v2JFVWHVZQMqwo6ialiM20vrGKNJaUXlrS5nP%2B8vPWPfSBwfu8dRnU%2BJHY1YrUKL7qPkAxaWCi%2BZAgDTCa5llAijlP7ULGB00Pg%2F6PYJW9LpCSumzPJoigK7CtQzZWLlur1%2FFge4%2BEpQIIZ57n0R2ENv36rMhj1r0%2F%2F%2Fj0UDH9jqx5svWydfIbqdi3Q%2Fm8V2A5jR123nAwZS7cVx3vcBTyJJ26YnOaJJQhbn5Z%2FVQ6toNuPfVTe5xipp5UgdwAL0UHEe5a4LJbgNbJojzhGLN4yVleevg28AVyrlvNiJfR4y%2FrCp2gq%2B6yQD%2Bsob8XDwmtqoYbsRvYudTMfBRHHl%2BACi0MHpr%2BIH%2B0cpDffNIEQl5Hrp%2FCm1ApThw%2BRL11%2F%2BfHWyXzSCTDO2zb9oW1BM5GXIm%2FHuaQGwhdFw%2BC%2FahTMhMxoztWd4HWi%2FXtULnuJnij28%2FEtNsb%2FQdAiJdwXirBRdnaxfvrBbw%3D%3D&nvMid=29056389772&catId=50001519
Apple 아이폰 13 mini 자급제 256GB 핑크,"1,024,600원",https://cr.shopping.naver.com/adcr.nhn?x=q1V5%2B%2Bh2tSmOPWPMYdzFIf%2F%2F%2Fw%3D%3DsAkuLMxLdL0fe66a7b%2BJQcgyGF2LmLNQcX91dlyLv4fthJz9H0Ub4KLvuVTVtNMxMccZNvRW%2BsJ8HcgWBLl3i1s2YJUiR2hpCfKzH%2B3bscZGWVI8eMVtfjCATDTx93MqnsPT4pXZQSz4fmK4SDJwaeW3JzeXxkSdTecfUR4%2FvRQjd%2BKwjnmE8nmku4yNhWgwhmfLAARyRl0caaiEG3Q2bq9D4xCf1yKuZGZlWoMqRNxTp2ELNkX%2BvBMqEEJUG%2FxZYQnhwNsmOtDpWoXU74lX43aK5uUEs%2BqMGnIyvfnClDLBDyIFUPGgWvZ4JuR5V1TWTxITMqQ4RuZ98hfJ1%2BJLkRsOmY27ZGze0Q%2BtXRlM4OxtarJoVrbEtunAYIkKGowOqm6XOMnybB1ghHwwzT6Xg7xWaWYkTj7xp9KvzGz7%2BZegbV9SohnsJOp40F4RSK4iNkd2jos1M5lglkzdII4PLp83zVaNSnElUms3mYOzPgGkTFHVfVt6irmg4aToR%2FDWxGl0cwMT9EKqrmdNslRhb8yH4i8e3HYCCxHPX4ggJmSy3AeXtCCEFJpwGuB0VzwAncBtvxRWG96r%2Fnhvp431368aQ189eN%2B7I6x5mJQbyUmzZlVYLDEJpnI8cF6CMPSIWCLdCSCeJIjea%2FZjaUY2Uqt%2B5IPkdpFC5GyIpb83jfGUOEsHC78VBLnFZh%2FnDobeN&nvMid=29064819083&catId=50001519
Apple 아이폰 13 자급제 블루 128GB,"1,024,600원",https://cr.shopping.naver.com/adcr.nhn?x=ElICuaS6Tqs%2FZnWAGIirmP%2F%2F%2Fw%3D%3Dszbetp5b%2BVvGE%2FKNMXP1BGgjeur1%2FebnXXRRrRSuUHK9WQE1WikGGRjsm7ORTamZ7ym0QAyj3yH8kAlFCSqLZoTSx4ffcd46I%2FrnLDI1JydgvSrFv7htgRKF7RyqjvttIR%2B7f9RvkhL58pcHDHtgGx3zmYN%2Fcvl75AGnByk2TjWEm5OY6%2FBA05LWPXaqTF3xXnI3Q%2FuFm111yFJnQ1iq5B%2BLVKHEOPeUzp6G3G8y7cPNDOnpYUYxjU%2Fyaq3BbaEwsJLnKOMDqeReprYHAqWsVcnMKoQpV%2FxBo5fzRc7UtvB2L5CaRS56izxQPGIxfHMVn1Q6WFjU0jCicle4mgTYHvYBsJjzV%2F3vl5Lmd9HbkUGI%2FzdYC%2FwYAihDQzAs9Z5v9az9HHYfmzSeXU4ocjvZv1yCEr1xyY6GFkSu2GoxIDF3%2FRfyAUEGGvquedOTk2rasTbKYxgteX%2BwNNIohT%2Fat%2B%2FMfo3nPGqzdI1bbGwzcRzMHs7fDUF3hntINts72qVF3aWjWM4k8P1R9y63XNX5Q9wS19qcoQ%2BcziiwKa5ZswPrTNk2p2QegNzimsGvSNugSLOEi5tgdxxSX6VOiSW1LHqvtUBvfoSsQPvEM6ZWUZTrR4qStUpoC7fClPEgQpF2d0ycPvNWXzM0nvS7pjYDMM1dznR4EhPC6BI08fc6TT2xWkbDrUFJ2hBG8QaB8WVzn&nvMid=29619782067&catId=50001519
Apple 아이폰 13 자급제 미드나이트 128GB,"1,024,600원",https://cr.shopping.naver.com/adcr.nhn?x=DSd%2BggHuNj7GILm9QYLAl%2F%2F%2F%2Fw%3D%3Dsbg6OjlQzCshnEK8e4S5z9Aa9VM0lWRCt5rqYCUVwLL9hJz9H0Ub4KLvuVTVtNMxMDJAqivOdc6arwQR1BUJoFM2YJUiR2hpCfKzH%2B3bscZGWVI8eMVtfjCATDTx93MqnsPT4pXZQSz4fmK4SDJwaeW3JzeXxkSdTecfUR4%2FvRQjd%2BKwjnmE8nmku4yNhWgwhmfLAARyRl0caaiEG3Q2bqyz6dcaQz9e%2ByYAHgK2%2BPMpreeRb%2BXbjVwdVaNHdj7gxwg14MxPlq0emfDUgKhktmaK5uUEs%2BqMGnIyvfnClDLBY3ouxNkMahZuCHmW0gAUvxITMqQ4RuZ98hfJ1%2BJLkRsOmY27ZGze0Q%2BtXRlM4OxtarJoVrbEtunAYIkKGowOqVxVCl%2FyzeT34oxmHbeLB5hWaWYkTj7xp9KvzGz7%2BZegbV9SohnsJOp40F4RSK4iNeYT9WibWLnqQS7ooq950oc3zVaNSnElUms3mYOzPgGkTFHVfVt6irmg4aToR%2FDWxZo%2FHA%2FrW%2BQhly4e4lv6XRGLMWRhrfynhDnMUVPzVHsQci9NJ0Y66Cap1A%2F0fq2i6mXRKmr6cgizXDsdcuiljUesyGB0MdXcjpK4rlz8WJ%2BJ8CXl251OpmWizflz2KEWcebnMSlKFvAhN0cSuC4zqapTldvHBWotP%2FN3JNP5ROv%2FNjqh%2FZemCCOboDhnweAmG&nvMid=29056433547&catId=50001519
애플 아이폰13 프로 128GB 자급제 새상품,"1,109,430원",https://cr.shopping.naver.com/adcr.nhn?x=j5KH0a1vTbQSXFKLbWwTjP%2F%2F%2Fw%3D%3DsixWAnXJcjMwtfaPsKhEQuTX%2BsDGxbqOl%2FcrAiL24GENWQE1WikGGRjsm7ORTamZ7sHF85e5im7w9UUo2cBW6LDSx4ffcd46I%2FrnLDI1JydgvSrFv7htgRKF7RyqjvttIPXikUZkpdvDBW1IrUi3ylSzztiNeGgmURYtyCzXs5b3Zi544fPKaRDi7gFWtqjF2CdBPqE0ddlyO%2B%2BZ7Y2j9aHVSk0DiIxqH9dypfrFiB3xgxWl8iUlDrHICciS9lsYtbynxoBdZv2ocKjTHzk7ENbdEBDWBVw0RlzrN2KxzOREkx63w5Tb7Pcz2gZr1HMMs1Tirqs5Lavk9%2B6cD36egpTPDpGIrabitp2up06DaRfi54J8UO7LDGXdPU9Do8oyMXmq0wb8nQ9S1CNyVqQgAyP5xowX%2F0QM%2Fx7gV9t9IdVRuC%2FR0AErOT6%2Bh28qhDv82%2F0X8gFBBhr6rnnTk5Nq2rDtBkAJxm3GPEZDR3pKmUvFIa%2FIDcyjh15RQN5IM5zaT3PNLxJzAGvtxnTWO3w%2FM6AfUqrA9vypjVASw7G9l%2FDEbyWvqoeyaWuMbhDKfmeSpbOJEpyFE%2Ft7cEbAgiUS3%2BZoxouTuy6gmU99gW6DsomTZjHJJOhw6NJLvNhfOvJ1%2B2ZVWCwxCaZyPHBegjD0iFmWnNUwuMdsWPQZ6LW4nJ4RhdPnO7rkvINV4qN6XhfU3DhLBwu%2FFQS5xWYf5w6G3jQ%3D%3D&nvMid=30082678694&catId=50001519
Apple 아이폰 13 Pro 자급제 512GB 시에라 블루,"1,636,800원",https://cr.shopping.naver.com/adcr.nhn?x=LUvOsXnI3UmIBu2L%2BqYdrf%2F%2F%2Fw%3D%3DsjnStwIzqmwAFT5gt0DZr4UQH05y%2B5d6WWUAp38WdkqJhJz9H0Ub4KLvuVTVtNMxMRHXbTaHEHbLtfv9UNGkc2M2YJUiR2hpCfKzH%2B3bscZGWVI8eMVtfjCATDTx93MqnsPT4pXZQSz4fmK4SDJwaeW3JzeXxkSdTecfUR4%2FvRQjd%2BKwjnmE8nmku4yNhWgwhmfLAARyRl0caaiEG3Q2bq388zh24s915aMpp%2Bzw2FU1Gz%2B1Slt0aDTYw2N2OGqyhGpvn1uSh1atMI9LGMTV7o6K5uUEs%2BqMGnIyvfnClDLDsAi94%2FgPx8fEQ%2FkGasfs9xITMqQ4RuZ98hfJ1%2BJLkRsOmY27ZGze0Q%2BtXRlM4OxtarJoVrbEtunAYIkKGowOqfMo7VPRjGUTQrhyQLGS3%2BxWaWYkTj7xp9KvzGz7%2BZegbV9SohnsJOp40F4RSK4iNlDFWF2l7zowlBqUuO9792M3zVaNSnElUms3mYOzPgGkTFHVfVt6irmg4aToR%2FDWx6DjTvwLrS1q7o4vtjrl93bFXlYcz5Oq7jhUHRUaKkI3sroft%2FeakUDq92ikxDQH4D08EF1vCEEnyhODcLwsO6gi%2FItpKmTIaiw0zGdQmNn7mELFO07QEQYUyi%2Bk709RTKTi5tMUN86xE4cNccRz8MN62VR%2F4IQixyQXCPlZRSuQDfkLIyuldBS3f8m8e6nLmzUhNzs2VE%2B%2Bisqs3JAEppg%3D%3D&nvMid=29060734140&catId=50001519
애플 아이폰13 미니 128GB 자급제 미개봉 새상품,"699,110원",https://cr.shopping.naver.com/adcr.nhn?x=azBPnormyhOdFzrrcC8pLv%2F%2F%2Fw%3D%3Ds1v0QGDqUlR3XwxtJyv0UXS9ySrIIFN89QdsQmu4omAVhJz9H0Ub4KLvuVTVtNMxMCCC3r8xmfaldg6LM5FPebM2YJUiR2hpCfKzH%2B3bscZGWVI8eMVtfjCATDTx93MqnsPT4pXZQSz4fmK4SDJwaefu6oAkTGETHMs8EuiNceQuHU4p%2F5%2BXMl6jhyRZ70JUCKHihHrGNjSXdNyEet2jGzF9lx8A2MRAuipV6ZD3UMtwiX2eJmt0gps9bdyfTOZ%2F5ywzmTmRvGD%2FgZYTjyHvRo3rTXr7Kn13ziv%2BL7HuG0pJthTvU%2F05au0wXf8ba3f3a%2FMsCPTvCG4qbXLAwXhh%2FEbsxo5hZ8Bu6kC6Wj0ORb6hVXemfpmeX70wC2wQT5nyi5pxiwDZPU40LYzhHX%2FcRvyz17AgUyxTVqw8iejDz2KcdFpV1Eg5YfvQVVa4NIvaUG1fUqIZ7CTqeNBeEUiuIjfH5S6C6yXt8IDqHNjUXYSbN81WjUpxJVJrN5mDsz4BpfLqDwX4Z8OBT81rUdqGPgztnAaPhlwrbmIoTjtIfbRA4%2FoZyQg%2FnzS%2F66jycaB7Iq4S2UyYSnSQlj7JTM4AbZAvqet95udyQkKqCpL%2FVScgkcbIGYFhZVmV8J%2BBITqmGjZwwhyh8IJsiRjypzZ5pJdFwlFjiMVOgvU1sFhGslCJmNLFlBuNbByzXed6cxTINov17VC57iZ4o9vPxLTbG%2F0HQIiXcF4qwUXZ2sX76wW8%3D&nvMid=30642280910&catId=50001519
아이폰13 미니 256GB 자급제 미개통 새상품,"836,910원",https://cr.shopping.naver.com/adcr.nhn?x=%2BoTO1aKnwFf1y2n%2F9dnsUv%2F%2F%2Fw%3D%3DsdUcy2ELslmVSi1zSR4%2BpX2E%2BhuSMf7JbynV1xOOcFD1hJz9H0Ub4KLvuVTVtNMxM46IZoUOEW57u55vLrWTf8c2YJUiR2hpCfKzH%2B3bscZGWVI8eMVtfjCATDTx93MqnZ1SoBr058H7dfSLkCZcSWO0JZ4vKXq2xVuFay0gNbwiO%2FsdgQE5FIA0Tw1QMogpFg7NIKD3uyprxAqgjm9s3n9NIlNaXcFJT4nlkSy8tNzBaucTAVV0kLETh73UusLlv1Q6WFjU0jCicle4mgTYHvYBsJjzV%2F3vl5Lmd9HbkUGI%2FzdYC%2FwYAihDQzAs9Z5v9gh2ecCsHA02uNymzXqS5QZrozzkiBhjIH5Iu6C5qX6kBG6USNgA%2BnsCxZYeFkQYq37%2B%2BRpNLe1w0p2yxn7JCX3k8bMEqY7ZpcvcQSdtkMpjt0cjKqXHNwHc5X2azVMD08qtuaqgd4aPn1WJBOztCZPuGJJ54ihViGt%2BqpMwpRINdnvoolkKVNouiKxvFitIQYRLs5Ogoxiv6M%2FH%2FP6ir2ldjKJtzDZiffx5bYacKdg2oLk6soRvn3LI5bu4O54T3OspVoR5uuOhRaASF9AIVxGS%2FBl5T%2B7ZFO5CVVgNUUsIGruH08DlKshetxY8KUEZb&nvMid=30259190791&catId=50001519
Apple 아이폰 13 Pro Max 자급제 시에라 블루 128GB,"1,460,200원",https://cr.shopping.naver.com/adcr.nhn?x=8IS4jOetkf4uvkTDL3rf6P%2F%2F%2Fw%3D%3Dst%2FT85PRBy9fFTwaQ5tziOAnaWxOuaCL%2FQwwPcnIaxRdhJz9H0Ub4KLvuVTVtNMxMj9QO%2B1EPcDb4BakYnvYwNM2YJUiR2hpCfKzH%2B3bscZGWVI8eMVtfjCATDTx93MqnsPT4pXZQSz4fmK4SDJwaeW3JzeXxkSdTecfUR4%2FvRQjd%2BKwjnmE8nmku4yNhWgwhmfLAARyRl0caaiEG3Q2bq8qTzqn6P1DP1IgJ5KU6NARal9%2F601cNiTnGHlE6UAOkiRR8Zhnm1QMGP9u8CBjwDaK5uUEs%2BqMGnIyvfnClDLDHWjL4z4HqitwoX9n414%2FhxITMqQ4RuZ98hfJ1%2BJLkRsOmY27ZGze0Q%2BtXRlM4OxtarJoVrbEtunAYIkKGowOqRZhZXu%2BIzwWjPeCbXY39hRWaWYkTj7xp9KvzGz7%2BZegbV9SohnsJOp40F4RSK4iNtHYUv0sUizFGWW7T77bqCc3zVaNSnElUms3mYOzPgGkTFHVfVt6irmg4aToR%2FDWxOaE99wIr1PwDwGoOwVC%2BOuQwC%2BVzqYcibp5n9ouzTLsrz5lwsDHyecgl7Td%2FtCKUC%2Bp633m53JCQqoKkv9VJyLviUy0hfTPTB8VUT6KfeMHvpJuoQWkkYvq1Bu%2FDGbdwVhB2jDsnj30eQ%2Fi36tDedH5QyJ4DR5scRkfFF7yiabz9fcbPe077OykPbiObs8TvQdAiJdwXirBRdnaxfvrBbw%3D%3D&nvMid=30797875281&catId=50001519
